id,город,профессия,возраст,опыт_лет,образование,доход_руб,дата_записи,пол
1,Краснодар,IT-специалист,46,20,Магистратура,93140,2024-05-07,М
2,Краснодар,Учитель,29,3,Высшее,49820,2024-11-12,Ж
3,Краснодар,Врач,22,0,Высшее,86697,2024-11-19,М
4,Краснодар,Инженер,23,1,Магистратура,82724,2024-12-01,М
5,Краснодар,Продавец,36,14,Среднее специальное,42102,2024-09-20,М
6,Краснодар,Продавец,37,15,Среднее,65286,2024-05-12,Ж
7,Краснодар,IT-специалист,41,19,Среднее,94827,2024-10-12,Ж
8,Краснодар,Водитель,54,10,Среднее,49064,2024-11-26,М
9,Краснодар,Строитель,42,1,Высшее,44689,2024-10-09,М
10,Краснодар,Юрист,23,1,Высшее,95811,2024-10-13,М
11,Краснодар,Продавец,55,31,Магистратура,52799,2024-04-30,Ж
12,Краснодар,Бухгалтер,35,13,Среднее специальное,84370,2024-04-09,М
13,Краснодар,Бухгалтер,29,7,Магистратура,66292,2024-03-26,Ж
14,Краснодар,Продавец,36,7,Магистратура,54759,2024-02-12,М
15,Краснодар,Инженер,47,25,Магистратура,75884,2024-08-13,М
16,Краснодар,Врач,45,23,Среднее,89992,2024-09-20,Ж
17,Краснодар,Менеджер,37,15,Магистратура,86663,2024-07-17,Ж
18,Краснодар,Водитель,26,4,Высшее,73577,2024-04-16,Ж
19,Краснодар,Строитель,43,18,Среднее,55026,2024-04-22,М
20,Краснодар,Инженер,30,4,Высшее,61725,2024-06-07,М
21,Краснодар,Бухгалтер,36,14,Высшее,69623,2024-03-31,М
22,Краснодар,Продавец,55,30,Среднее,52535,2024-07-01,Ж
23,Краснодар,Водитель,60,24,Среднее,60538,2024-11-28,М
24,Краснодар,Инженер,50,4,Высшее,86140,2024-06-28,М
25,Краснодар,Менеджер,50,28,Среднее,117383,2024-07-04,М
26,Краснодар,Водитель,58,23,Среднее,69356,2024-11-12,Ж
27,Краснодар,IT-специалист,49,27,Магистратура,90171,2024-01-11,М
28,Краснодар,Учитель,56,17,Среднее специальное,76829,2024-06-02,Ж
29,Краснодар,Врач,27,5,Среднее специальное,86795,2024-10-20,М
30,Краснодар,Врач,37,0,Магистратура,62097,2024-01-29,М
31,Краснодар,Инженер,43,21,Магистратура,76228,2024-12-24,М
32,Краснодар,IT-специалист,34,12,Среднее специальное,73023,2024-07-12,М
33,Краснодар,Бухгалтер,41,4,Среднее,77950,2024-04-30,Ж
34,Краснодар,Врач,38,16,Среднее,75781,2024-01-24,М
35,Краснодар,Строитель,34,0,Среднее,44261,2024-01-04,Ж
36,Краснодар,Учитель,31,9,Магистратура,54452,2024-04-05,Ж
37,Краснодар,Водитель,31,9,Среднее,52288,2024-08-23,М
38,Краснодар,Водитель,31,9,Среднее специальное,59115,2024-09-25,Ж
39,Краснодар,Бухгалтер,52,6,Магистратура,62509,2024-12-30,Ж
40,Краснодар,Строитель,62,14,Среднее,67653,2024-09-16,Ж
41,Краснодар,Бухгалтер,31,9,Среднее специальное,83146,2024-01-19,Ж
42,Краснодар,Продавец,50,3,Среднее,35024,2024-10-27,Ж
43,Краснодар,Учитель,23,1,Среднее,40789,2024-09-26,М
44,Краснодар,Врач,53,5,Магистратура,53825,2024-09-07,М
45,Краснодар,Водитель,49,3,Магистратура,64813,2024-01-11,Ж
46,Краснодар,Бухгалтер,37,15,Высшее,91591,2024-03-29,М
47,Краснодар,Строитель,51,21,Высшее,75256,2024-09-05,М
48,Краснодар,Водитель,25,2,Магистратура,39097,2024-03-23,Ж
49,Краснодар,Юрист,51,23,Среднее,117254,2024-09-27,М
50,Краснодар,Строитель,35,13,Среднее специальное,63472,2024-05-29,М
51,Краснодар,Врач,48,14,Среднее,93195,2024-04-05,Ж
52,Краснодар,Продавец,43,12,Среднее специальное,63916,2024-10-08,Ж
53,Краснодар,Учитель,58,31,Среднее специальное,59982,2024-07-24,М
54,Краснодар,IT-специалист,46,0,Высшее,79312,2024-12-14,М
55,Краснодар,Бухгалтер,61,36,Высшее,90927,2024-02-23,Ж
56,Краснодар,Врач,40,4,Магистратура,64010,2024-12-20,М
57,Краснодар,Строитель,57,30,Среднее специальное,91538,2024-08-26,М
58,Краснодар,Врач,50,28,Среднее,83705,2024-11-11,Ж
59,Краснодар,Учитель,22,0,Высшее,40148,2024-08-19,Ж
60,Краснодар,Менеджер,55,21,Среднее,127016,2024-10-03,Ж
61,Краснодар,Строитель,58,28,Среднее специальное,90136,2024-02-12,М
62,Краснодар,Водитель,51,15,Магистратура,51968,2024-02-13,М
63,Краснодар,Водитель,39,17,Магистратура,67913,2024-08-02,Ж
64,Краснодар,Строитель,64,20,Магистратура,82258,2024-01-16,М
65,Краснодар,Менеджер,34,9,Магистратура,73196,2024-08-20,М
66,Краснодар,Бухгалтер,51,11,Высшее,79294,2024-05-02,Ж
67,Краснодар,Бухгалтер,64,9,Магистратура,62406,2024-06-29,М
68,Краснодар,Бухгалтер,38,15,Высшее,82971,2024-11-02,Ж
69,Краснодар,Юрист,43,21,Среднее специальное,102903,2024-03-22,Ж
70,Краснодар,Продавец,23,1,Среднее,49879,2024-05-09,М
71,Краснодар,Юрист,35,13,Среднее,88624,2024-03-31,М
72,Краснодар,Продавец,23,1,Среднее специальное,34610,2024-03-25,Ж
73,Краснодар,Юрист,35,3,Магистратура,106905,2024-03-16,Ж
74,Краснодар,Инженер,49,9,Высшее,90569,2024-08-19,Ж
75,Краснодар,Бухгалтер,51,7,Среднее,49803,2024-10-01,Ж
76,Краснодар,Строитель,27,5,Среднее,52894,2024-12-27,Ж
77,Краснодар,Водитель,22,0,Высшее,49829,2024-05-29,Ж
78,Краснодар,Учитель,51,29,Среднее специальное,58714,2024-06-27,М
79,Краснодар,Учитель,48,25,Высшее,80910,2024-09-04,М
80,Краснодар,Менеджер,24,2,Среднее,99956,2024-08-24,М
81,Краснодар,Бухгалтер,53,28,Среднее,83918,2024-09-18,Ж
82,Краснодар,Учитель,34,12,Высшее,41547,2024-07-04,М
83,Краснодар,Бухгалтер,45,7,Среднее специальное,57244,2024-11-25,М
84,Краснодар,Менеджер,28,6,Высшее,85336,2024-02-08,Ж
85,Краснодар,Юрист,48,13,Магистратура,102855,2024-04-11,Ж
86,Краснодар,Врач,58,23,Среднее специальное,82482,2024-06-24,М
87,Краснодар,Водитель,45,7,Высшее,64915,2024-09-06,М
88,Краснодар,Продавец,34,9,Среднее специальное,50128,2024-07-01,М
89,Краснодар,Инженер,60,16,Высшее,70963,2024-08-28,М
90,Краснодар,Врач,43,14,Высшее,70150,2024-07-12,Ж
91,Краснодар,Водитель,58,36,Магистратура,79332,2024-05-30,М
92,Краснодар,Менеджер,38,16,Среднее,97010,2024-06-05,Ж
93,Краснодар,Учитель,62,36,Магистратура,65300,2024-11-27,М
94,Краснодар,Менеджер,44,1,Высшее,78454,2024-08-16,Ж
95,Краснодар,Учитель,33,11,Среднее специальное,55913,2024-05-10,Ж
96,Краснодар,Строитель,54,3,Среднее,50216,2024-05-27,Ж
97,Краснодар,Учитель,48,12,Высшее,45892,2024-05-03,М
98,Краснодар,Юрист,61,18,Среднее специальное,104306,2024-06-26,Ж
99,Краснодар,Инженер,40,18,Среднее,68162,2024-08-12,Ж
100,Краснодар,Бухгалтер,47,25,Среднее специальное,91880,2024-12-11,М
101,Краснодар,Бухгалтер,65,35,Среднее,83921,2024-02-13,Ж
102,Краснодар,Водитель,46,17,Магистратура,73990,2024-05-25,М
103,Краснодар,Строитель,59,5,Среднее специальное,46567,2024-01-18,М
104,Краснодар,IT-специалист,37,15,Высшее,78640,2024-03-10,Ж
105,Краснодар,Врач,40,8,Среднее,64518,2024-07-05,М
106,Краснодар,Бухгалтер,41,19,Магистратура,71063,2024-03-22,Ж
107,Краснодар,IT-специалист,26,4,Среднее,81213,2024-01-03,М
108,Краснодар,IT-специалист,23,1,Высшее,94319,2024-10-26,М
109,Краснодар,Строитель,39,17,Магистратура,77688,2024-01-17,Ж
110,Краснодар,Инженер,23,1,Высшее,78285,2024-01-15,М
111,Краснодар,Менеджер,49,13,Высшее,91148,2024-01-13,Ж
112,Краснодар,Водитель,47,2,Среднее,64493,2024-05-09,М
113,Краснодар,Юрист,36,14,Среднее специальное,86703,2024-11-30,М
114,Краснодар,Инженер,47,13,Высшее,70809,2024-05-16,М
115,Краснодар,Учитель,40,3,Магистратура,39517,2024-08-20,М
116,Краснодар,Продавец,44,22,Высшее,55631,2024-09-03,Ж
117,Краснодар,Инженер,49,27,Среднее специальное,81739,2024-08-29,М
118,Краснодар,Учитель,36,14,Высшее,47252,2024-09-21,Ж
119,Краснодар,Продавец,28,6,Магистратура,37489,2024-11-12,М
120,Краснодар,Водитель,30,8,Среднее,62013,2024-06-23,М
121,Краснодар,IT-специалист,43,0,Среднее специальное,60944,2024-11-07,Ж
122,Краснодар,IT-специалист,61,37,Магистратура,113304,2024-12-23,Ж
123,Краснодар,Учитель,24,2,Среднее специальное,41191,2024-06-25,М
124,Краснодар,Бухгалтер,40,16,Магистратура,81192,2024-09-26,Ж
125,Краснодар,Учитель,51,3,Среднее специальное,47313,2024-02-10,М
126,Краснодар,Менеджер,32,10,Магистратура,108782,2024-09-12,М
127,Краснодар,Водитель,53,27,Магистратура,71187,2024-11-12,М
128,Краснодар,Врач,48,3,Магистратура,58983,2024-02-05,М
129,Краснодар,Строитель,36,14,Магистратура,74550,2024-11-25,М
130,Краснодар,Инженер,49,24,Магистратура,96553,2024-07-31,Ж
131,Краснодар,Врач,54,15,Магистратура,64655,2024-07-12,Ж
132,Краснодар,IT-специалист,31,9,Магистратура,79997,2024-09-02,М
133,Краснодар,Водитель,57,2,Среднее специальное,44895,2024-03-26,М
134,Краснодар,Бухгалтер,37,15,Высшее,65433,2024-03-30,М
135,Краснодар,Врач,55,32,Среднее,107848,2024-03-28,М
136,Краснодар,Инженер,29,7,Среднее,60674,2024-04-20,Ж
137,Краснодар,Менеджер,61,39,Среднее,109627,2024-03-08,М
138,Краснодар,Юрист,39,17,Среднее специальное,104968,2024-11-22,М
139,Краснодар,Врач,39,8,Среднее специальное,71493,2024-04-19,Ж
140,Краснодар,Юрист,57,13,Высшее,83598,2024-05-31,Ж
141,Краснодар,Продавец,25,3,Среднее специальное,58490,2024-04-02,М
142,Краснодар,Строитель,63,23,Среднее,87825,2024-07-11,Ж
143,Краснодар,Инженер,34,12,Магистратура,75085,2024-01-28,М
144,Краснодар,Юрист,63,3,Магистратура,69366,2024-11-01,М
145,Краснодар,Строитель,62,1,Магистратура,65012,2024-01-16,М
146,Краснодар,Учитель,42,20,Магистратура,50788,2024-06-24,Ж
147,Краснодар,IT-специалист,39,17,Среднее,89405,2024-11-02,Ж
148,Краснодар,Юрист,32,10,Магистратура,111767,2024-07-21,Ж
149,Краснодар,Строитель,55,22,Магистратура,75299,2024-03-18,М
150,Краснодар,Продавец,50,22,Среднее специальное,46194,2024-11-06,М
151,Краснодар,Юрист,51,16,Магистратура,105377,2024-06-03,Ж
152,Краснодар,Юрист,61,9,Высшее,89485,2024-07-28,Ж
153,Краснодар,Инженер,47,19,Высшее,72800,2024-06-27,М
154,Краснодар,IT-специалист,59,25,Магистратура,93503,2024-11-24,М
155,Краснодар,Юрист,37,2,Высшее,78243,2024-02-07,Ж
156,Краснодар,Учитель,60,38,Среднее,70072,2024-04-10,Ж
157,Краснодар,Строитель,46,24,Среднее специальное,88155,2024-02-10,М
158,Краснодар,Инженер,42,18,Среднее,75893,2024-08-10,М
159,Краснодар,Инженер,28,4,Среднее специальное,66468,2024-08-09,М
160,Краснодар,Бухгалтер,61,6,Высшее,84070,2024-03-23,М
161,Краснодар,Врач,23,1,Высшее,54921,2024-10-02,Ж
162,Краснодар,Водитель,42,12,Магистратура,63227,2024-09-05,Ж
163,Краснодар,Врач,30,8,Среднее специальное,70803,2024-10-17,Ж
164,Краснодар,Врач,39,17,Магистратура,82228,2024-12-08,М
165,Краснодар,Врач,31,9,Среднее,56956,2024-01-25,Ж
166,Краснодар,Менеджер,57,5,Среднее,78639,2024-03-05,М
167,Краснодар,Врач,31,6,Среднее специальное,61676,2024-05-21,М
168,Краснодар,Юрист,32,10,Высшее,90293,2024-02-22,Ж
169,Краснодар,IT-специалист,59,33,Среднее,126457,2024-05-13,Ж
170,Краснодар,Продавец,48,16,Среднее специальное,43846,2024-11-05,М
171,Краснодар,Водитель,43,2,Среднее специальное,58535,2024-06-25,М
172,Краснодар,Продавец,24,2,Магистратура,57626,2024-06-25,Ж
173,Краснодар,Водитель,43,2,Магистратура,60657,2024-01-13,М
174,Краснодар,IT-специалист,65,34,Среднее,113702,2024-10-14,Ж
175,Краснодар,Врач,25,3,Высшее,51976,2024-08-04,Ж
176,Краснодар,Продавец,61,25,Среднее,47535,2024-02-01,М
177,Краснодар,Водитель,55,24,Среднее специальное,61147,2024-09-07,М
178,Краснодар,Строитель,36,14,Среднее специальное,57570,2024-07-08,Ж
179,Краснодар,Учитель,35,13,Высшее,66177,2024-10-07,М
180,Краснодар,Водитель,30,8,Высшее,47782,2024-11-15,М
181,Краснодар,Строитель,36,14,Среднее специальное,58721,2024-07-25,М
182,Краснодар,Бухгалтер,47,7,Высшее,59113,2024-11-26,М
183,Краснодар,Бухгалтер,53,2,Высшее,53569,2024-08-31,Ж
184,Краснодар,Водитель,56,31,Высшее,80045,2024-06-14,М
185,Краснодар,IT-специалист,32,9,Высшее,62968,2024-06-29,Ж
186,Краснодар,Юрист,61,38,Магистратура,134221,2024-12-14,М
187,Краснодар,Инженер,39,4,Среднее,62439,2024-07-01,М
188,Краснодар,Продавец,26,4,Среднее,35669,2024-02-25,Ж
189,Краснодар,Бухгалтер,54,6,Высшее,55342,2024-09-20,Ж
190,Краснодар,Инженер,64,0,Магистратура,65945,2024-12-18,М
191,Краснодар,Учитель,58,3,Среднее,33129,2024-08-31,Ж
192,Краснодар,Менеджер,30,1,Высшее,75070,2024-04-28,Ж
193,Краснодар,Строитель,36,14,Высшее,60081,2024-05-21,М
194,Краснодар,Водитель,57,33,Среднее,76951,2024-05-23,М
195,Краснодар,Инженер,42,20,Среднее специальное,88521,2024-08-31,Ж
196,Краснодар,Строитель,32,10,Магистратура,77473,2024-11-24,М
197,Краснодар,Водитель,55,33,Среднее специальное,61776,2024-01-10,Ж
198,Краснодар,Инженер,43,21,Магистратура,77480,2024-01-11,Ж
199,Краснодар,Юрист,29,7,Высшее,78792,2024-07-22,М
200,Краснодар,IT-специалист,27,5,Среднее специальное,74649,2024-11-29,М
201,Краснодар,Продавец,63,11,Среднее,44605,2024-01-31,М
202,Краснодар,Продавец,65,11,Высшее,47573,2024-01-01,М
203,Краснодар,Менеджер,36,14,Среднее,74094,2024-02-03,Ж
204,Краснодар,Строитель,53,6,Среднее,49397,2024-05-31,Ж
205,Краснодар,Врач,59,8,Среднее специальное,80863,2024-01-09,М
206,Краснодар,Юрист,39,17,Высшее,127772,2024-09-11,Ж
207,Краснодар,IT-специалист,41,2,Высшее,78316,2024-06-16,М
208,Краснодар,Инженер,52,30,Магистратура,103833,2024-02-20,Ж
209,Краснодар,Бухгалтер,27,5,Среднее специальное,72997,2024-07-03,М
210,Краснодар,Менеджер,36,14,Высшее,84382,2024-10-31,М
211,Краснодар,Учитель,63,7,Среднее специальное,40611,2024-06-22,Ж
212,Краснодар,Продавец,34,12,Высшее,62260,2024-10-06,М
213,Краснодар,Врач,50,28,Высшее,94550,2024-01-30,Ж
214,Краснодар,Инженер,43,2,Высшее,71191,2024-01-22,Ж
215,Краснодар,Бухгалтер,24,2,Среднее,67776,2024-08-16,М
216,Краснодар,Продавец,39,17,Среднее,42951,2024-07-14,Ж
217,Краснодар,Менеджер,64,15,Магистратура,101598,2024-05-13,Ж
218,Краснодар,Бухгалтер,55,15,Магистратура,91082,2024-06-28,Ж
219,Краснодар,Юрист,22,0,Магистратура,69657,2024-05-16,М
220,Краснодар,Продавец,65,31,Среднее специальное,65672,2024-02-15,М
221,Краснодар,Водитель,59,24,Высшее,65610,2024-06-04,М
222,Краснодар,Менеджер,28,6,Магистратура,106206,2024-09-18,М
223,Краснодар,Строитель,41,19,Магистратура,68415,2024-06-09,М
224,Краснодар,Менеджер,44,20,Среднее,85465,2024-08-26,Ж
225,Краснодар,Водитель,58,2,Магистратура,62444,2024-08-16,Ж
226,Краснодар,Врач,32,5,Среднее специальное,77336,2024-03-01,М
227,Краснодар,Водитель,59,14,Среднее,63634,2024-10-09,Ж
228,Краснодар,Строитель,55,21,Среднее,75031,2024-12-10,М
229,Краснодар,Бухгалтер,65,32,Магистратура,88461,2024-01-06,Ж
230,Краснодар,Бухгалтер,64,18,Среднее,71271,2024-04-28,М
231,Краснодар,Инженер,61,20,Среднее специальное,88570,2024-03-27,М
232,Краснодар,Бухгалтер,58,28,Среднее специальное,74298,2024-06-27,М
233,Краснодар,IT-специалист,52,13,Среднее,72920,2024-08-30,Ж
234,Краснодар,IT-специалист,35,13,Магистратура,78124,2024-05-02,М
235,Краснодар,Юрист,25,0,Магистратура,65163,2024-11-25,Ж
236,Краснодар,Водитель,43,21,Магистратура,59874,2024-01-31,Ж
237,Краснодар,Бухгалтер,34,2,Среднее,61086,2024-01-10,М
238,Краснодар,Строитель,24,2,Магистратура,57861,2024-05-17,Ж
239,Краснодар,Юрист,58,3,Высшее,97421,2024-02-28,М
240,Краснодар,IT-специалист,63,14,Среднее,68507,2024-12-13,Ж
241,Краснодар,Бухгалтер,48,26,Среднее специальное,100343,2024-02-10,М
242,Краснодар,Учитель,29,7,Среднее,67763,2024-08-24,М
243,Краснодар,Учитель,53,3,Высшее,41417,2024-12-15,Ж
244,Краснодар,IT-специалист,58,28,Магистратура,98722,2024-04-20,Ж
245,Краснодар,Водитель,40,18,Магистратура,69802,2024-12-13,М
246,Краснодар,Бухгалтер,22,0,Среднее,53555,2024-01-24,М
247,Краснодар,Учитель,60,19,Магистратура,50606,2024-02-26,Ж
248,Краснодар,IT-специалист,46,24,Магистратура,93250,2024-04-01,М
249,Краснодар,IT-специалист,25,3,Среднее специальное,83046,2024-10-03,М
250,Краснодар,IT-специалист,38,16,Магистратура,107811,2024-05-09,М
251,Краснодар,Инженер,41,5,Среднее,73868,2024-06-16,Ж
252,Краснодар,Учитель,30,8,Высшее,56233,2024-01-22,Ж
253,Краснодар,Врач,40,14,Высшее,88747,2024-09-04,Ж
254,Краснодар,Менеджер,33,9,Среднее специальное,99022,2024-01-17,М
255,Краснодар,Менеджер,26,4,Высшее,95706,2024-11-23,Ж
256,Краснодар,Юрист,45,17,Магистратура,119178,2024-03-05,М
257,Краснодар,Водитель,60,2,Магистратура,56935,2024-01-02,М
258,Краснодар,Юрист,26,4,Высшее,72440,2024-04-07,Ж
259,Краснодар,Водитель,48,8,Высшее,45874,2024-10-29,М
260,Краснодар,IT-специалист,64,28,Магистратура,98694,2024-10-09,Ж
261,Краснодар,Юрист,48,26,Магистратура,130672,2024-07-12,М
262,Краснодар,Юрист,33,0,Высшее,80042,2024-10-15,М
263,Краснодар,Врач,48,26,Среднее,81003,2024-12-17,М
264,Краснодар,IT-специалист,25,3,Магистратура,69028,2024-05-10,М
265,Краснодар,Инженер,25,3,Магистратура,73232,2024-11-30,Ж
266,Краснодар,Юрист,30,8,Высшее,79528,2024-07-19,Ж
267,Краснодар,Строитель,41,19,Высшее,80132,2024-05-11,М
268,Краснодар,Юрист,60,1,Среднее специальное,71341,2024-10-16,М
269,Краснодар,Юрист,37,8,Среднее,90304,2024-08-23,Ж
270,Краснодар,Продавец,61,39,Среднее специальное,70978,2024-01-02,М
271,Краснодар,Инженер,34,12,Высшее,68906,2024-02-09,Ж
272,Краснодар,Водитель,41,19,Среднее специальное,71311,2024-07-22,Ж
273,Краснодар,Инженер,59,24,Магистратура,81673,2024-10-14,М
274,Краснодар,Инженер,28,6,Среднее,54585,2024-04-02,М
275,Краснодар,Юрист,32,10,Высшее,88811,2024-05-16,Ж
276,Краснодар,IT-специалист,61,19,Магистратура,105662,2024-03-02,М
277,Краснодар,Инженер,37,15,Среднее специальное,91207,2024-04-07,М
278,Краснодар,IT-специалист,61,18,Среднее специальное,93460,2024-02-03,Ж
279,Краснодар,Менеджер,41,19,Среднее,101982,2024-12-05,М
280,Краснодар,Строитель,55,17,Среднее,80408,2024-09-09,М
281,Краснодар,Врач,48,26,Среднее специальное,80534,2024-01-29,Ж
282,Краснодар,Водитель,51,19,Высшее,55590,2024-01-26,М
283,Краснодар,IT-специалист,24,2,Среднее специальное,81031,2024-12-11,Ж
284,Краснодар,Врач,41,8,Магистратура,64658,2024-11-05,М
285,Краснодар,Врач,51,29,Магистратура,92609,2024-07-28,Ж
286,Краснодар,IT-специалист,51,20,Среднее специальное,116459,2024-04-03,М
287,Краснодар,Инженер,31,0,Высшее,49411,2024-07-19,Ж
288,Краснодар,Строитель,51,29,Среднее,66669,2024-03-23,Ж
289,Краснодар,Бухгалтер,28,6,Магистратура,75035,2024-01-23,Ж
290,Краснодар,Врач,44,22,Среднее специальное,92083,2024-08-01,М
291,Краснодар,Продавец,33,7,Магистратура,55697,2024-07-29,М
292,Краснодар,Бухгалтер,58,23,Магистратура,69414,2024-01-23,М
293,Краснодар,Менеджер,48,26,Среднее,122656,2024-11-13,Ж
294,Краснодар,Врач,30,8,Магистратура,88266,2024-11-25,М
295,Краснодар,Юрист,22,0,Среднее,79892,2024-10-28,Ж
296,Краснодар,Продавец,54,23,Среднее,49490,2024-12-17,Ж
297,Краснодар,IT-специалист,61,10,Магистратура,93134,2024-04-28,М
298,Краснодар,Строитель,48,14,Среднее,60302,2024-05-26,М
299,Краснодар,Строитель,28,6,Магистратура,79773,2024-02-09,М
300,Краснодар,Инженер,64,22,Среднее,84376,2024-07-12,М
301,Краснодар,Инженер,22,0,Среднее,72934,2024-09-28,Ж
302,Краснодар,Инженер,45,10,Среднее специальное,86525,2024-12-28,М
303,Краснодар,Учитель,52,5,Среднее,42734,2024-01-11,М
304,Краснодар,IT-специалист,55,20,Высшее,108028,2024-01-31,Ж
305,Краснодар,Бухгалтер,56,27,Магистратура,79072,2024-02-03,М
306,Краснодар,Инженер,42,20,Среднее специальное,87536,2024-04-09,Ж
307,Краснодар,Продавец,65,9,Среднее,47601,2024-10-21,Ж
308,Краснодар,Продавец,27,5,Высшее,39949,2024-04-14,М
309,Краснодар,Продавец,43,4,Магистратура,47430,2024-01-25,М
310,Краснодар,Врач,41,19,Высшее,87818,2024-10-24,М
311,Краснодар,IT-специалист,31,9,Среднее,90882,2024-01-20,М
312,Краснодар,Юрист,49,27,Магистратура,126991,2024-07-20,М
313,Краснодар,Инженер,62,16,Магистратура,93431,2024-04-23,Ж
314,Краснодар,Продавец,32,10,Среднее специальное,43281,2024-01-01,Ж
315,Краснодар,Строитель,26,1,Высшее,53068,2024-11-12,М
316,Краснодар,Продавец,46,9,Среднее,36562,2024-11-19,М
317,Краснодар,IT-специалист,26,4,Магистратура,76529,2024-06-03,Ж
318,Краснодар,Врач,62,22,Высшее,104691,2024-10-30,Ж
319,Краснодар,Врач,56,31,Среднее специальное,122268,2024-10-10,Ж
320,Краснодар,Водитель,65,39,Магистратура,74451,2024-08-03,Ж
321,Краснодар,IT-специалист,61,0,Высшее,72621,2024-02-01,Ж
322,Краснодар,Водитель,24,2,Среднее,48262,2024-01-14,Ж
323,Краснодар,Менеджер,61,25,Среднее,111941,2024-08-30,Ж
324,Краснодар,Менеджер,49,20,Магистратура,97160,2024-09-24,Ж
325,Краснодар,Водитель,41,19,Магистратура,60298,2024-10-21,Ж
326,Краснодар,Учитель,30,8,Высшее,70610,2024-11-05,М
327,Краснодар,Учитель,35,13,Магистратура,69561,2024-04-10,М
328,Краснодар,Врач,41,10,Высшее,72913,2024-04-14,М
329,Краснодар,Инженер,46,5,Среднее специальное,54767,2024-06-30,М
330,Краснодар,IT-специалист,60,12,Магистратура,71851,2024-05-16,М
331,Краснодар,IT-специалист,44,15,Высшее,69838,2024-04-02,Ж
332,Краснодар,Менеджер,29,5,Среднее специальное,68651,2024-07-22,Ж
333,Краснодар,Водитель,45,23,Среднее,66904,2024-01-08,Ж
334,Краснодар,IT-специалист,26,4,Среднее специальное,91808,2024-02-02,М
335,Краснодар,Юрист,32,10,Среднее специальное,76933,2024-02-27,Ж
336,Краснодар,Врач,58,30,Среднее,97218,2024-06-13,М
337,Краснодар,Врач,50,28,Среднее,93805,2024-08-12,Ж
338,Краснодар,Водитель,59,37,Высшее,67541,2024-06-28,М
339,Краснодар,Менеджер,50,3,Высшее,89367,2024-07-13,М
340,Краснодар,Менеджер,43,6,Среднее специальное,75773,2024-07-01,Ж
341,Краснодар,Бухгалтер,32,10,Высшее,81941,2024-09-25,Ж
342,Краснодар,IT-специалист,40,18,Среднее,88068,2024-05-15,М
343,Краснодар,Строитель,54,23,Среднее специальное,84684,2024-07-28,Ж
344,Краснодар,Продавец,59,21,Среднее,50300,2024-02-02,М
345,Краснодар,Продавец,42,20,Магистратура,64781,2024-10-18,М
346,Краснодар,Водитель,49,27,Среднее специальное,91581,2024-06-04,М
347,Краснодар,Учитель,48,7,Среднее специальное,68347,2024-05-08,М
348,Краснодар,Учитель,48,26,Магистратура,80529,2024-07-16,Ж
349,Краснодар,Продавец,56,23,Магистратура,48004,2024-07-20,М
350,Краснодар,Инженер,54,15,Магистратура,65439,2024-06-05,Ж
351,Краснодар,Учитель,30,8,Среднее специальное,35515,2024-12-13,М
352,Краснодар,Продавец,38,12,Магистратура,34283,2024-12-05,Ж
353,Краснодар,Водитель,30,8,Магистратура,55610,2024-05-02,Ж
354,Краснодар,Врач,32,10,Магистратура,66464,2024-07-06,Ж
355,Краснодар,Строитель,33,11,Высшее,85151,2024-12-15,М
356,Краснодар,Менеджер,57,27,Высшее,119897,2024-12-08,М
357,Краснодар,Водитель,32,5,Магистратура,44217,2024-03-16,М
358,Краснодар,Бухгалтер,37,15,Среднее специальное,69100,2024-12-29,М
359,Краснодар,Инженер,47,2,Магистратура,54487,2024-04-17,Ж
360,Краснодар,Врач,30,2,Магистратура,85427,2024-06-08,М
361,Краснодар,Врач,61,30,Среднее,113038,2024-03-20,Ж
362,Краснодар,Менеджер,47,12,Магистратура,113361,2024-02-11,Ж
363,Краснодар,Юрист,39,14,Среднее специальное,86239,2024-03-18,Ж
364,Краснодар,Инженер,65,7,Высшее,79267,2024-09-26,Ж
365,Краснодар,Строитель,60,17,Среднее,72263,2024-07-23,М
366,Краснодар,Продавец,40,2,Магистратура,48983,2024-10-16,М
367,Краснодар,Водитель,26,4,Среднее специальное,62630,2024-08-12,М
368,Краснодар,Водитель,31,9,Среднее,69584,2024-09-19,М
369,Краснодар,Юрист,27,0,Магистратура,77954,2024-07-17,Ж
370,Краснодар,Водитель,58,35,Магистратура,71430,2024-01-28,М
371,Краснодар,IT-специалист,45,23,Среднее специальное,117837,2024-03-29,Ж
372,Краснодар,Бухгалтер,39,17,Высшее,82487,2024-10-10,М
373,Краснодар,Менеджер,44,15,Магистратура,82234,2024-02-20,М
374,Краснодар,Врач,22,0,Магистратура,48970,2024-11-02,Ж
375,Краснодар,Строитель,49,27,Среднее,64516,2024-04-06,Ж
376,Краснодар,Продавец,36,14,Среднее,40180,2024-09-16,М
377,Краснодар,Учитель,24,2,Магистратура,57614,2024-01-21,М
378,Краснодар,Учитель,63,19,Высшее,60053,2024-12-03,Ж
379,Краснодар,Продавец,54,21,Высшее,56567,2024-08-10,Ж
380,Краснодар,Строитель,60,9,Магистратура,67667,2024-11-01,М
381,Краснодар,Строитель,58,4,Высшее,71597,2024-11-12,М
382,Краснодар,Юрист,54,21,Среднее,118135,2024-12-29,М
383,Краснодар,Продавец,49,27,Магистратура,75287,2024-09-24,Ж
384,Краснодар,Продавец,62,5,Магистратура,40791,2024-04-23,М
385,Краснодар,Инженер,46,11,Среднее,67901,2024-10-17,Ж
386,Краснодар,Строитель,31,9,Магистратура,77296,2024-01-13,Ж
387,Краснодар,Учитель,32,10,Среднее,49719,2024-01-10,М
388,Краснодар,Строитель,29,7,Магистратура,53729,2024-12-07,М
389,Краснодар,Строитель,32,10,Среднее,68356,2024-10-02,М
390,Краснодар,Продавец,38,16,Высшее,53602,2024-04-20,М
391,Краснодар,Менеджер,25,3,Высшее,71668,2024-09-04,Ж
392,Краснодар,Менеджер,28,6,Среднее,92234,2024-11-29,М
393,Краснодар,Бухгалтер,38,16,Среднее специальное,74422,2024-04-14,М
394,Краснодар,Учитель,47,5,Среднее,46030,2024-10-03,М
395,Краснодар,Водитель,44,22,Среднее специальное,52278,2024-08-17,М
396,Краснодар,Строитель,48,2,Среднее специальное,73610,2024-06-26,Ж
397,Краснодар,Юрист,28,5,Магистратура,107769,2024-12-31,М
398,Краснодар,Врач,45,23,Среднее,98385,2024-10-03,Ж
399,Краснодар,IT-специалист,29,7,Высшее,66976,2024-05-20,Ж
400,Краснодар,Продавец,55,33,Среднее специальное,60334,2024-03-03,М
401,Краснодар,Строитель,56,34,Магистратура,95288,2024-12-10,Ж
402,Краснодар,Водитель,55,1,Высшее,71703,2024-11-16,Ж
403,Краснодар,Менеджер,22,0,Высшее,59623,2024-02-24,М
404,Краснодар,Водитель,54,11,Среднее специальное,45331,2024-01-15,М
405,Краснодар,Юрист,31,7,Магистратура,74597,2024-07-18,Ж
406,Краснодар,Продавец,33,1,Высшее,55409,2024-03-27,Ж
407,Краснодар,Менеджер,42,20,Высшее,125327,2024-02-21,М
408,Краснодар,Юрист,34,12,Высшее,93858,2024-05-29,Ж
409,Краснодар,Строитель,44,8,Магистратура,50356,2024-08-01,Ж
410,Краснодар,Учитель,32,4,Среднее,39644,2024-11-08,Ж
411,Краснодар,Врач,58,29,Среднее,93038,2024-11-03,М
412,Краснодар,Водитель,24,2,Среднее,66374,2024-06-07,М
413,Краснодар,Юрист,26,4,Среднее,95524,2024-11-04,М
414,Краснодар,Юрист,22,0,Магистратура,104166,2024-12-30,Ж
415,Краснодар,Водитель,47,23,Среднее,82325,2024-05-14,М
416,Краснодар,Менеджер,55,4,Среднее специальное,79134,2024-02-22,М
417,Краснодар,Инженер,33,11,Магистратура,59908,2024-12-23,М
418,Краснодар,Инженер,64,7,Высшее,57602,2024-12-29,Ж
419,Краснодар,Водитель,40,18,Высшее,56662,2024-12-13,М
420,Краснодар,Врач,34,12,Среднее,85090,2024-11-02,М
421,Краснодар,Менеджер,60,27,Магистратура,101224,2024-10-30,М
422,Краснодар,Инженер,35,13,Среднее,70858,2024-02-07,Ж
423,Краснодар,IT-специалист,33,11,Среднее специальное,101829,2024-06-11,М
424,Краснодар,Продавец,59,32,Среднее,57302,2024-06-17,Ж
425,Краснодар,Строитель,46,15,Магистратура,73000,2024-08-13,Ж
426,Краснодар,Инженер,63,21,Магистратура,100311,2024-07-26,М
427,Краснодар,Бухгалтер,38,14,Среднее специальное,55482,2024-07-22,М
428,Краснодар,Учитель,24,2,Среднее,47985,2024-09-10,М
429,Краснодар,Инженер,60,38,Высшее,110044,2024-11-22,М
430,Краснодар,Инженер,26,4,Среднее,72460,2024-08-27,М
431,Краснодар,Инженер,39,17,Высшее,70578,2024-02-26,Ж
432,Краснодар,Учитель,31,9,Среднее специальное,41957,2024-06-04,Ж
433,Краснодар,IT-специалист,57,22,Высшее,91908,2024-07-19,М
434,Краснодар,Врач,25,3,Высшее,77972,2024-05-13,М
435,Краснодар,Юрист,41,19,Высшее,124460,2024-09-13,М
436,Краснодар,Продавец,27,5,Высшее,46804,2024-11-24,М
437,Краснодар,Продавец,62,23,Среднее специальное,41139,2024-08-31,М
438,Краснодар,Инженер,58,10,Высшее,76606,2024-05-29,М
439,Краснодар,Строитель,36,14,Среднее специальное,78720,2024-09-07,Ж
440,Краснодар,Учитель,30,8,Высшее,60288,2024-01-09,Ж
441,Краснодар,Бухгалтер,32,10,Высшее,66381,2024-10-17,М
442,Краснодар,IT-специалист,32,0,Магистратура,78693,2024-05-07,Ж
443,Краснодар,Учитель,49,16,Высшее,46784,2024-12-25,Ж
444,Краснодар,Бухгалтер,32,10,Среднее,62367,2024-08-11,М
445,Краснодар,Водитель,65,36,Среднее,70489,2024-03-30,М
446,Краснодар,Бухгалтер,33,11,Магистратура,67941,2024-04-18,Ж
447,Краснодар,Менеджер,24,2,Магистратура,75445,2024-08-29,М
448,Краснодар,Строитель,55,8,Среднее специальное,81339,2024-02-21,Ж
449,Краснодар,Врач,64,8,Среднее специальное,68007,2024-06-13,Ж
450,Краснодар,Инженер,36,14,Среднее специальное,81063,2024-12-16,Ж
451,Краснодар,Водитель,36,14,Среднее,51158,2024-06-30,Ж
452,Краснодар,Врач,62,1,Магистратура,79286,2024-12-17,М
453,Краснодар,Врач,39,17,Магистратура,98912,2024-12-27,М
454,Краснодар,Врач,35,13,Среднее,73127,2024-08-10,М
455,Краснодар,Продавец,61,11,Среднее,41576,2024-12-27,Ж
456,Краснодар,Врач,41,19,Высшее,79735,2024-08-25,Ж
457,Краснодар,Инженер,57,27,Магистратура,83607,2024-05-11,М
458,Краснодар,Врач,22,0,Магистратура,64307,2024-06-14,Ж
459,Краснодар,Менеджер,61,37,Высшее,134510,2024-04-29,Ж
460,Краснодар,Бухгалтер,22,0,Среднее,68169,2024-07-22,Ж
461,Краснодар,Врач,54,27,Среднее,101804,2024-07-29,Ж
462,Краснодар,Менеджер,58,22,Среднее специальное,85882,2024-11-20,Ж
463,Краснодар,Врач,48,19,Высшее,84067,2024-10-04,М
464,Краснодар,Продавец,35,13,Среднее специальное,64364,2024-04-24,М
465,Краснодар,Продавец,27,2,Магистратура,30262,2024-09-09,Ж
466,Краснодар,Бухгалтер,28,6,Среднее,56433,2024-08-10,М
467,Краснодар,Менеджер,43,16,Среднее специальное,83063,2024-12-30,М
468,Краснодар,Учитель,26,4,Магистратура,58796,2024-12-22,Ж
469,Краснодар,Менеджер,64,38,Высшее,133930,2024-05-21,Ж
470,Краснодар,Юрист,54,32,Высшее,112918,2024-02-07,Ж
471,Краснодар,Юрист,46,10,Среднее специальное,90416,2024-10-23,М
472,Краснодар,Инженер,62,34,Высшее,100120,2024-06-17,М
473,Краснодар,Врач,29,7,Высшее,61262,2024-09-15,М
474,Краснодар,Юрист,59,24,Среднее специальное,123398,2024-03-01,Ж
475,Краснодар,IT-специалист,54,27,Среднее специальное,120982,2024-07-01,Ж
476,Краснодар,Менеджер,55,3,Магистратура,99911,2024-11-18,Ж
477,Краснодар,Юрист,61,23,Среднее специальное,132651,2024-10-17,М
478,Краснодар,Инженер,58,1,Среднее специальное,62580,2024-04-20,Ж
479,Краснодар,IT-специалист,24,2,Высшее,78622,2024-12-20,М
480,Краснодар,Водитель,35,13,Высшее,64090,2024-04-19,Ж
481,Краснодар,Водитель,56,26,Высшее,91735,2024-10-22,М
482,Краснодар,Продавец,56,19,Магистратура,49668,2024-02-16,М
483,Краснодар,Учитель,57,18,Среднее,64170,2024-10-25,М
484,Краснодар,Инженер,52,7,Среднее специальное,61141,2024-08-13,М
485,Краснодар,Продавец,36,14,Среднее,57610,2024-04-20,М
486,Краснодар,Продавец,29,7,Среднее специальное,39957,2024-08-03,Ж
487,Краснодар,Инженер,42,20,Среднее специальное,94906,2024-07-20,М
488,Краснодар,Бухгалтер,31,9,Высшее,54581,2024-01-27,М
489,Краснодар,Юрист,22,0,Среднее специальное,90407,2024-03-29,Ж
490,Краснодар,Учитель,24,2,Среднее,54308,2024-09-29,М
491,Краснодар,Менеджер,60,38,Среднее,109787,2024-01-19,Ж
492,Краснодар,IT-специалист,50,17,Среднее,87035,2024-07-27,Ж
493,Краснодар,Продавец,29,7,Магистратура,38588,2024-03-20,М
494,Краснодар,IT-специалист,56,20,Среднее,100526,2024-09-06,М
495,Краснодар,Инженер,32,10,Среднее специальное,55405,2024-03-09,Ж
496,Краснодар,Врач,25,3,Магистратура,62679,2024-10-14,Ж
497,Краснодар,Водитель,51,28,Высшее,63072,2024-08-10,М
498,Краснодар,Учитель,58,5,Среднее,35844,2024-06-30,Ж
499,Краснодар,Строитель,59,33,Среднее,95958,2024-02-26,М
500,Краснодар,Менеджер,37,8,Среднее специальное,92360,2024-05-11,Ж
501,Краснодар,Продавец,61,31,Высшее,70566,2024-07-10,М
502,Краснодар,IT-специалист,56,23,Высшее,90779,2024-07-28,Ж
503,Краснодар,Учитель,37,15,Среднее специальное,40824,2024-02-07,М
504,Краснодар,IT-специалист,62,14,Магистратура,98846,2024-03-22,Ж
505,Краснодар,Юрист,56,16,Среднее,82736,2024-10-04,М
506,Краснодар,Юрист,37,12,Среднее,99087,2024-02-18,М
507,Краснодар,Юрист,58,19,Среднее,103219,2024-12-16,Ж
508,Краснодар,Водитель,26,4,Среднее,50585,2024-09-11,М
509,Краснодар,Строитель,36,14,Высшее,63367,2024-11-04,Ж
510,Краснодар,Строитель,29,7,Среднее специальное,45242,2024-07-21,М
511,Краснодар,Юрист,43,16,Среднее,111324,2024-06-01,Ж
512,Краснодар,Врач,36,14,Высшее,83757,2024-11-04,Ж
513,Краснодар,Продавец,38,16,Магистратура,37811,2024-03-23,М
514,Краснодар,Водитель,29,7,Среднее,62360,2024-08-23,М
515,Краснодар,Учитель,64,24,Высшее,52887,2024-08-28,Ж
516,Краснодар,Бухгалтер,58,1,Среднее,51922,2024-03-15,М
517,Краснодар,Водитель,39,17,Магистратура,73741,2024-10-11,Ж
518,Краснодар,IT-специалист,42,20,Магистратура,88920,2024-06-01,М
519,Краснодар,Врач,58,34,Высшее,125334,2024-07-12,Ж
520,Краснодар,Юрист,64,25,Высшее,116338,2024-02-21,М
521,Краснодар,Продавец,34,12,Высшее,45188,2024-07-04,М
522,Краснодар,Врач,23,1,Высшее,58765,2024-05-16,Ж
523,Краснодар,Юрист,51,17,Среднее,107765,2024-01-25,М
524,Краснодар,IT-специалист,63,31,Магистратура,103177,2024-01-11,М
525,Краснодар,Бухгалтер,49,27,Среднее специальное,92946,2024-03-12,Ж
526,Краснодар,Врач,38,7,Среднее,84998,2024-12-01,Ж
527,Краснодар,Строитель,65,36,Высшее,75732,2024-10-29,Ж
528,Краснодар,Учитель,22,0,Среднее специальное,35514,2024-12-26,Ж
529,Краснодар,Инженер,30,8,Высшее,77873,2024-12-06,Ж
530,Краснодар,Инженер,54,8,Среднее специальное,67234,2024-12-15,М
531,Краснодар,Строитель,59,11,Магистратура,54578,2024-09-11,М
532,Краснодар,IT-специалист,56,5,Высшее,90507,2024-08-20,Ж
533,Краснодар,Врач,59,12,Высшее,98269,2024-04-16,Ж
534,Краснодар,Инженер,58,3,Среднее специальное,70597,2024-06-14,Ж
535,Краснодар,IT-специалист,56,27,Среднее,100637,2024-11-18,Ж
536,Краснодар,Врач,40,9,Высшее,86123,2024-12-19,Ж
537,Краснодар,Менеджер,53,27,Высшее,91982,2024-08-25,Ж
538,Краснодар,Учитель,49,2,Среднее специальное,34747,2024-07-12,М
539,Краснодар,Бухгалтер,41,5,Высшее,58092,2024-01-22,М
540,Краснодар,Продавец,22,0,Среднее,28047,2024-11-09,М
541,Краснодар,Менеджер,47,23,Среднее специальное,103143,2024-05-28,Ж
542,Краснодар,Юрист,31,9,Высшее,89981,2024-08-22,М
543,Краснодар,IT-специалист,42,20,Среднее,115588,2024-08-11,М
544,Краснодар,Водитель,29,7,Магистратура,47588,2024-12-11,М
545,Краснодар,Бухгалтер,24,2,Магистратура,69167,2024-11-25,Ж
546,Краснодар,IT-специалист,62,1,Магистратура,61014,2024-03-11,Ж
547,Краснодар,Юрист,50,28,Высшее,117504,2024-01-30,Ж
548,Краснодар,Водитель,51,29,Среднее,76982,2024-11-12,Ж
549,Краснодар,Учитель,64,26,Высшее,70098,2024-12-20,Ж
550,Краснодар,Продавец,51,13,Магистратура,56378,2024-06-24,М
551,Краснодар,Бухгалтер,47,9,Среднее,56809,2024-01-10,Ж
552,Краснодар,Водитель,42,4,Среднее специальное,55631,2024-04-17,Ж
553,Краснодар,Менеджер,38,16,Среднее специальное,87893,2024-02-01,М
554,Краснодар,Менеджер,22,0,Магистратура,59981,2024-04-27,Ж
555,Краснодар,Юрист,30,6,Магистратура,86016,2024-12-29,М
556,Краснодар,Юрист,26,4,Среднее,97729,2024-11-05,Ж
557,Краснодар,Менеджер,65,13,Среднее специальное,84735,2024-02-16,Ж
558,Краснодар,Менеджер,56,27,Высшее,104479,2024-04-25,Ж
559,Краснодар,Бухгалтер,54,14,Высшее,79969,2024-03-11,Ж
560,Краснодар,Продавец,64,23,Высшее,60287,2024-11-05,М
561,Краснодар,Продавец,40,18,Среднее,42139,2024-03-05,М
562,Краснодар,Водитель,56,10,Магистратура,57421,2024-05-02,М
563,Краснодар,IT-специалист,62,33,Высшее,97885,2024-06-24,Ж
564,Краснодар,Строитель,35,13,Среднее специальное,69972,2024-10-26,М
565,Краснодар,Менеджер,39,12,Магистратура,88380,2024-11-03,Ж
566,Краснодар,Водитель,40,18,Высшее,81784,2024-03-20,Ж
567,Краснодар,Инженер,55,4,Среднее,78205,2024-11-20,Ж
568,Краснодар,Водитель,51,12,Магистратура,50640,2024-11-15,Ж
569,Краснодар,Юрист,39,17,Высшее,109717,2024-02-01,М
570,Краснодар,Строитель,29,5,Среднее специальное,44170,2024-08-29,Ж
571,Краснодар,IT-специалист,41,19,Магистратура,78846,2024-07-23,М
572,Краснодар,Юрист,52,26,Высшее,136462,2024-03-10,М
573,Краснодар,Строитель,57,30,Магистратура,87972,2024-07-14,Ж
574,Краснодар,Врач,57,4,Среднее,70686,2024-10-25,Ж
575,Краснодар,Инженер,56,28,Высшее,86277,2024-01-08,М
576,Краснодар,Бухгалтер,63,25,Среднее,82715,2024-10-04,М
577,Краснодар,Инженер,35,13,Высшее,85867,2024-10-02,М
578,Краснодар,Юрист,31,9,Магистратура,99882,2024-08-05,М
579,Краснодар,Бухгалтер,45,11,Среднее,58071,2024-03-10,М
580,Краснодар,Бухгалтер,23,1,Высшее,69529,2024-11-20,М
581,Краснодар,Водитель,43,7,Магистратура,54562,2024-12-03,Ж
582,Краснодар,Менеджер,30,8,Магистратура,106871,2024-07-22,М
583,Краснодар,Бухгалтер,26,4,Высшее,53548,2024-03-21,М
584,Краснодар,Инженер,47,11,Высшее,66663,2024-07-19,Ж
585,Краснодар,Учитель,63,30,Магистратура,79738,2024-07-13,М
586,Краснодар,Менеджер,29,7,Среднее,94834,2024-11-02,Ж
587,Краснодар,Врач,31,9,Среднее специальное,73041,2024-10-28,Ж
588,Краснодар,Продавец,55,31,Высшее,66349,2024-02-05,М
589,Краснодар,Строитель,54,7,Высшее,61842,2024-07-30,М
590,Краснодар,Менеджер,40,18,Магистратура,83683,2024-02-11,Ж
591,Краснодар,Продавец,65,14,Среднее специальное,57788,2024-01-13,М
592,Краснодар,IT-специалист,60,7,Среднее,75462,2024-11-15,Ж
593,Краснодар,Учитель,41,19,Среднее,46722,2024-11-15,Ж
594,Краснодар,Юрист,56,0,Среднее специальное,67605,2024-12-06,Ж
595,Краснодар,Строитель,51,10,Высшее,60319,2024-09-05,М
596,Краснодар,Инженер,61,34,Магистратура,83826,2024-06-02,М
597,Краснодар,Бухгалтер,38,11,Среднее,88907,2024-04-13,М
598,Краснодар,Менеджер,41,19,Среднее,118773,2024-08-11,М
599,Краснодар,Бухгалтер,49,20,Среднее,74164,2024-04-19,Ж
600,Краснодар,Строитель,25,3,Среднее специальное,41430,2024-10-09,М
601,Краснодар,Юрист,27,5,Среднее специальное,93200,2024-09-12,М
602,Краснодар,Инженер,42,20,Высшее,78289,2024-12-01,М
603,Краснодар,Учитель,37,13,Среднее специальное,70429,2024-10-18,М
604,Краснодар,Строитель,27,0,Магистратура,40395,2024-07-08,Ж
605,Краснодар,Водитель,64,8,Магистратура,51774,2024-03-04,Ж
606,Краснодар,Бухгалтер,58,36,Высшее,106923,2024-07-27,Ж
607,Краснодар,Менеджер,36,14,Среднее,84239,2024-08-09,Ж
608,Краснодар,Юрист,24,2,Среднее,66721,2024-09-15,М
609,Краснодар,Продавец,34,12,Магистратура,50478,2024-09-30,М
610,Краснодар,IT-специалист,52,30,Среднее,112295,2024-11-10,Ж
611,Краснодар,Учитель,30,8,Среднее специальное,52160,2024-09-08,М
612,Краснодар,Учитель,23,1,Среднее специальное,35413,2024-02-17,М
613,Краснодар,Менеджер,41,18,Магистратура,110923,2024-02-29,Ж
614,Краснодар,IT-специалист,39,17,Среднее,103129,2024-08-11,Ж
615,Краснодар,Врач,35,13,Магистратура,61976,2024-06-11,М
616,Краснодар,Инженер,48,7,Среднее,58984,2024-06-08,М
617,Краснодар,Бухгалтер,64,36,Высшее,103463,2024-03-08,Ж
618,Краснодар,Строитель,56,4,Высшее,50676,2024-12-12,М
619,Краснодар,Юрист,23,1,Среднее,90471,2024-11-18,М
620,Краснодар,Бухгалтер,41,15,Высшее,67654,2024-03-19,Ж
621,Краснодар,Врач,22,0,Высшее,58092,2024-01-26,Ж
622,Краснодар,Бухгалтер,41,19,Среднее,71393,2024-12-05,Ж
623,Краснодар,Менеджер,27,1,Магистратура,63941,2024-10-20,Ж
624,Краснодар,Учитель,32,10,Среднее,39337,2024-12-30,М
625,Краснодар,Врач,63,21,Магистратура,91276,2024-10-29,Ж
626,Краснодар,Продавец,62,38,Магистратура,71079,2024-04-10,М
627,Краснодар,Строитель,60,9,Магистратура,69257,2024-05-18,М
628,Краснодар,Врач,50,14,Среднее,75335,2024-12-11,М
629,Краснодар,Инженер,54,32,Среднее специальное,96497,2024-09-15,Ж
630,Краснодар,Бухгалтер,52,14,Среднее специальное,76392,2024-03-18,М
631,Краснодар,Юрист,51,29,Высшее,105393,2024-05-26,Ж
632,Краснодар,Продавец,39,17,Среднее,57252,2024-01-10,Ж
633,Краснодар,Учитель,34,9,Высшее,54281,2024-11-17,М
634,Краснодар,Юрист,26,4,Среднее специальное,71216,2024-11-08,Ж
635,Краснодар,Водитель,39,1,Среднее специальное,41095,2024-03-11,Ж
636,Краснодар,Бухгалтер,44,8,Магистратура,60349,2024-04-09,М
637,Краснодар,Строитель,62,31,Среднее,100273,2024-12-17,М
638,Краснодар,Врач,45,23,Среднее,88335,2024-06-24,Ж
639,Краснодар,IT-специалист,56,5,Высшее,99947,2024-08-21,М
640,Краснодар,Врач,39,17,Магистратура,81157,2024-05-04,М
641,Краснодар,Юрист,44,22,Магистратура,130062,2024-07-22,Ж
642,Краснодар,IT-специалист,26,4,Высшее,77952,2024-07-08,М
643,Краснодар,Бухгалтер,45,23,Среднее специальное,74869,2024-02-24,М
644,Краснодар,Учитель,62,4,Высшее,43626,2024-09-04,М
645,Краснодар,Бухгалтер,65,40,Магистратура,84350,2024-06-12,Ж
646,Краснодар,Продавец,50,27,Магистратура,64873,2024-10-01,Ж
647,Краснодар,Водитель,49,8,Высшее,59711,2024-02-26,Ж
648,Краснодар,Продавец,39,17,Среднее специальное,64547,2024-09-18,М
649,Краснодар,Врач,59,12,Магистратура,78644,2024-06-12,Ж
650,Краснодар,IT-специалист,34,12,Магистратура,82660,2024-02-18,М
651,Краснодар,Врач,42,6,Среднее специальное,88336,2024-04-07,М
652,Краснодар,Учитель,28,6,Среднее специальное,54204,2024-05-21,М
653,Краснодар,Водитель,23,1,Высшее,58217,2024-01-23,Ж
654,Краснодар,Менеджер,53,12,Магистратура,102988,2024-12-11,Ж
655,Краснодар,Строитель,22,0,Среднее,56237,2024-01-09,Ж
656,Краснодар,Продавец,63,14,Высшее,37165,2024-09-14,М
657,Краснодар,Продавец,23,1,Среднее специальное,58542,2024-05-03,Ж
658,Краснодар,Менеджер,45,5,Среднее специальное,95705,2024-09-26,М
659,Краснодар,Инженер,43,16,Среднее,84565,2024-01-24,Ж
660,Краснодар,Врач,40,18,Среднее специальное,75399,2024-12-04,Ж
661,Краснодар,Менеджер,55,33,Магистратура,110454,2024-07-11,Ж
662,Краснодар,Учитель,56,17,Магистратура,47109,2024-06-21,Ж
663,Краснодар,Водитель,65,14,Среднее специальное,71895,2024-04-12,Ж
664,Краснодар,Водитель,54,12,Среднее,55539,2024-10-23,Ж
665,Краснодар,IT-специалист,48,7,Среднее специальное,81549,2024-12-10,М
666,Краснодар,Инженер,57,17,Среднее специальное,73989,2024-11-30,М
667,Краснодар,Юрист,46,7,Магистратура,106174,2024-03-29,М
668,Краснодар,Инженер,31,9,Магистратура,59065,2024-07-09,Ж
669,Краснодар,Строитель,59,5,Среднее специальное,70163,2024-08-28,Ж
670,Краснодар,Водитель,46,24,Магистратура,84558,2024-07-14,М
671,Краснодар,Строитель,56,0,Магистратура,46057,2024-05-27,Ж
672,Краснодар,Бухгалтер,32,10,Среднее специальное,73515,2024-06-12,Ж
673,Краснодар,Инженер,43,8,Среднее,66774,2024-04-23,М
674,Краснодар,Менеджер,22,0,Магистратура,69143,2024-08-20,М
675,Краснодар,Врач,26,4,Среднее,56753,2024-01-28,Ж
676,Краснодар,Бухгалтер,40,12,Среднее специальное,57572,2024-07-09,Ж
677,Краснодар,Бухгалтер,39,13,Высшее,55136,2024-02-12,Ж
678,Краснодар,Учитель,28,6,Высшее,63773,2024-02-02,Ж
679,Краснодар,Врач,53,15,Среднее,71352,2024-01-07,М
680,Краснодар,IT-специалист,28,2,Среднее,86817,2024-04-21,М
681,Краснодар,Продавец,61,1,Высшее,30648,2024-05-18,М
682,Краснодар,Менеджер,33,11,Среднее специальное,78788,2024-02-12,М
683,Краснодар,Менеджер,23,1,Среднее,66927,2024-01-11,М
684,Краснодар,Учитель,51,24,Среднее специальное,73481,2024-02-29,Ж
685,Краснодар,Строитель,28,6,Высшее,58180,2024-06-23,М
686,Краснодар,Водитель,50,28,Среднее специальное,89893,2024-04-30,М
687,Краснодар,Продавец,51,12,Высшее,38667,2024-09-30,М
688,Краснодар,Инженер,50,26,Магистратура,77096,2024-04-07,Ж
689,Краснодар,Инженер,45,23,Среднее специальное,84003,2024-02-24,М
690,Краснодар,Учитель,32,10,Среднее,47557,2024-06-20,Ж
691,Краснодар,Бухгалтер,45,23,Среднее специальное,97370,2024-03-22,Ж
692,Краснодар,Юрист,63,24,Среднее специальное,106740,2024-11-27,М
693,Краснодар,Юрист,50,28,Среднее специальное,133111,2024-08-13,М
694,Краснодар,Водитель,23,1,Высшее,36315,2024-08-16,М
695,Краснодар,Врач,39,12,Среднее специальное,85236,2024-11-24,М
696,Краснодар,Водитель,26,4,Среднее специальное,73488,2024-06-08,М
697,Краснодар,Бухгалтер,41,19,Среднее специальное,64793,2024-05-14,М
698,Краснодар,Врач,47,23,Магистратура,79749,2024-11-20,М
699,Краснодар,Учитель,23,1,Среднее специальное,54788,2024-06-02,М
700,Краснодар,Продавец,45,20,Среднее,66295,2024-06-22,Ж
701,Краснодар,Продавец,53,10,Среднее специальное,33513,2024-10-01,М
702,Краснодар,Водитель,60,33,Среднее специальное,67800,2024-03-11,М
703,Краснодар,Врач,35,10,Среднее,90321,2024-10-08,М
704,Краснодар,Учитель,62,40,Среднее специальное,80755,2024-03-24,Ж
705,Краснодар,Строитель,48,20,Высшее,88404,2024-04-07,Ж
706,Краснодар,Менеджер,29,7,Среднее специальное,73476,2024-03-15,М
707,Краснодар,Юрист,22,0,Среднее,65354,2024-07-12,М
708,Краснодар,Бухгалтер,23,1,Высшее,69310,2024-02-04,Ж
709,Краснодар,Юрист,46,24,Среднее,112509,2024-05-14,М
710,Краснодар,Учитель,65,10,Высшее,52922,2024-02-10,М
711,Краснодар,Бухгалтер,39,17,Среднее,68023,2024-02-23,Ж
712,Краснодар,Бухгалтер,39,9,Высшее,76492,2024-11-28,Ж
713,Краснодар,Бухгалтер,57,9,Среднее специальное,60334,2024-01-19,Ж
714,Краснодар,Бухгалтер,41,19,Среднее специальное,84202,2024-08-06,М
715,Краснодар,Менеджер,23,1,Среднее,76371,2024-12-02,Ж
716,Краснодар,Бухгалтер,64,22,Высшее,101182,2024-08-22,Ж
717,Краснодар,Юрист,46,24,Среднее специальное,95394,2024-12-23,М
718,Краснодар,Строитель,51,7,Среднее специальное,50324,2024-12-16,Ж
719,Краснодар,Юрист,29,7,Высшее,93357,2024-12-30,М
720,Краснодар,Инженер,64,15,Высшее,74213,2024-02-01,Ж
721,Краснодар,Менеджер,45,23,Среднее,118412,2024-04-20,Ж
722,Краснодар,Инженер,45,23,Магистратура,91690,2024-07-22,М
723,Краснодар,Продавец,34,12,Среднее специальное,40012,2024-01-05,Ж
724,Краснодар,Бухгалтер,29,7,Высшее,57877,2024-04-04,М
725,Краснодар,Строитель,44,20,Высшее,62141,2024-08-13,Ж
726,Краснодар,Строитель,45,23,Среднее,78522,2024-10-26,Ж
727,Краснодар,Бухгалтер,50,10,Высшее,57346,2024-05-28,М
728,Краснодар,Инженер,50,28,Высшее,75782,2024-01-23,М
729,Краснодар,Юрист,28,6,Высшее,78584,2024-06-18,М
730,Краснодар,Менеджер,47,18,Высшее,111536,2024-03-27,Ж
731,Краснодар,Строитель,45,23,Среднее,80501,2024-07-19,Ж
732,Краснодар,Учитель,41,19,Среднее,58805,2024-11-10,М
733,Краснодар,Бухгалтер,57,4,Среднее специальное,51674,2024-02-22,М
734,Краснодар,Бухгалтер,26,4,Высшее,54811,2024-05-10,Ж
735,Краснодар,IT-специалист,44,21,Высшее,83104,2024-10-14,М
736,Краснодар,Врач,50,28,Высшее,79522,2024-09-25,М
737,Краснодар,Бухгалтер,46,20,Магистратура,68333,2024-01-16,М
738,Краснодар,Инженер,28,6,Высшее,76224,2024-05-20,Ж
739,Краснодар,Врач,58,24,Магистратура,83184,2024-03-06,Ж
740,Краснодар,Юрист,36,9,Магистратура,91748,2024-12-25,Ж
741,Краснодар,Юрист,25,3,Высшее,89300,2024-09-13,Ж
742,Краснодар,Юрист,42,20,Высшее,126186,2024-01-19,Ж
743,Краснодар,Продавец,30,8,Среднее,58368,2024-05-31,М
744,Краснодар,Продавец,50,12,Магистратура,38424,2024-09-11,М
745,Краснодар,Юрист,45,6,Среднее,103306,2024-07-23,М
746,Краснодар,Бухгалтер,53,15,Магистратура,67607,2024-12-15,М
747,Краснодар,Продавец,29,7,Высшее,30260,2024-02-24,М
748,Краснодар,Строитель,37,2,Среднее,61719,2024-08-04,Ж
749,Краснодар,Менеджер,38,16,Среднее специальное,93183,2024-07-20,М
750,Краснодар,Строитель,48,13,Магистратура,64026,2024-11-08,Ж
751,Краснодар,Строитель,43,21,Высшее,83365,2024-07-09,М
752,Краснодар,Врач,22,0,Среднее специальное,85391,2024-08-30,М
753,Краснодар,Учитель,44,8,Среднее,45683,2024-12-15,Ж
754,Краснодар,Бухгалтер,32,8,Среднее,56266,2024-04-28,М
755,Краснодар,Водитель,24,2,Среднее,49934,2024-12-08,Ж
756,Краснодар,Юрист,25,3,Магистратура,71707,2024-09-13,М
757,Краснодар,Врач,40,18,Среднее,76858,2024-10-13,Ж
758,Краснодар,Врач,35,5,Магистратура,65190,2024-09-02,М
759,Краснодар,Строитель,28,6,Среднее специальное,54592,2024-08-17,Ж
760,Краснодар,Инженер,25,3,Среднее,56139,2024-04-12,Ж
761,Краснодар,IT-специалист,55,27,Магистратура,97625,2024-08-17,М
762,Краснодар,Продавец,42,20,Среднее,56730,2024-12-10,Ж
763,Краснодар,Бухгалтер,41,19,Высшее,89632,2024-09-05,М
764,Краснодар,Строитель,56,34,Среднее,81264,2024-12-04,М
765,Краснодар,Продавец,65,33,Высшее,54265,2024-06-12,Ж
766,Краснодар,Бухгалтер,62,1,Магистратура,46386,2024-01-30,М
767,Краснодар,Продавец,48,24,Среднее,56735,2024-06-12,М
768,Краснодар,Продавец,41,19,Высшее,43195,2024-04-05,Ж
769,Краснодар,Продавец,45,23,Среднее,69928,2024-07-20,М
770,Краснодар,Врач,26,4,Среднее,68896,2024-04-29,М
771,Краснодар,Бухгалтер,62,6,Среднее специальное,54939,2024-12-23,Ж
772,Краснодар,Строитель,23,1,Магистратура,45556,2024-10-19,М
773,Краснодар,Инженер,34,2,Среднее специальное,71376,2024-03-06,М
774,Краснодар,Бухгалтер,41,7,Высшее,57908,2024-04-10,М
775,Краснодар,Учитель,48,2,Высшее,39702,2024-12-08,М
776,Краснодар,Строитель,51,4,Магистратура,57520,2024-04-16,Ж
777,Краснодар,Бухгалтер,59,20,Магистратура,83526,2024-02-05,М
778,Краснодар,Врач,59,12,Высшее,98831,2024-06-10,Ж
779,Краснодар,Водитель,55,8,Среднее специальное,43919,2024-07-02,Ж
780,Краснодар,Врач,30,8,Высшее,67742,2024-05-16,Ж
781,Краснодар,Врач,23,1,Среднее специальное,69930,2024-03-29,М
782,Краснодар,Учитель,59,12,Высшее,57562,2024-04-19,Ж
783,Краснодар,Бухгалтер,48,22,Высшее,65058,2024-04-03,Ж
784,Краснодар,Продавец,52,30,Среднее специальное,57041,2024-10-05,М
785,Краснодар,Бухгалтер,45,23,Среднее специальное,85082,2024-08-12,М
786,Краснодар,Водитель,40,18,Магистратура,59591,2024-10-04,М
787,Краснодар,Учитель,23,1,Среднее специальное,61414,2024-02-05,М
788,Краснодар,Водитель,47,14,Среднее специальное,53258,2024-05-10,М
789,Краснодар,Менеджер,62,3,Среднее специальное,80371,2024-10-28,Ж
790,Краснодар,Инженер,55,1,Магистратура,47108,2024-10-23,Ж
791,Краснодар,Юрист,41,12,Среднее,85069,2024-02-12,М
792,Краснодар,Учитель,59,9,Магистратура,61771,2024-05-24,М
793,Краснодар,Юрист,51,29,Среднее,121643,2024-08-05,М
794,Краснодар,Бухгалтер,60,25,Высшее,94377,2024-01-10,М
795,Краснодар,Юрист,62,16,Среднее специальное,102573,2024-06-28,Ж
796,Краснодар,Юрист,40,18,Высшее,117776,2024-07-06,Ж
797,Краснодар,Менеджер,34,12,Среднее,99379,2024-11-22,Ж
798,Краснодар,Врач,52,1,Магистратура,82147,2024-03-25,М
799,Краснодар,Водитель,32,10,Высшее,48403,2024-02-11,М
800,Краснодар,Учитель,37,9,Среднее специальное,66539,2024-09-03,М
801,Краснодар,Водитель,52,13,Среднее,71858,2024-02-02,М
802,Краснодар,Учитель,47,25,Высшее,49824,2024-07-30,М
803,Краснодар,Менеджер,52,30,Магистратура,103213,2024-05-02,М
804,Краснодар,Врач,40,18,Среднее,71684,2024-05-03,Ж
805,Краснодар,Менеджер,56,21,Среднее специальное,101921,2024-05-10,М
806,Краснодар,Продавец,23,1,Среднее,34230,2024-04-14,М
807,Краснодар,Водитель,35,3,Высшее,64724,2024-10-02,М
808,Краснодар,Строитель,31,9,Среднее,54745,2024-06-07,Ж
809,Краснодар,Бухгалтер,42,13,Среднее,58922,2024-11-30,Ж
810,Краснодар,Врач,26,4,Магистратура,82316,2024-08-09,М
811,Краснодар,IT-специалист,31,9,Высшее,86612,2024-10-22,Ж
812,Краснодар,Юрист,34,1,Среднее специальное,90529,2024-10-10,Ж
813,Краснодар,Инженер,47,4,Среднее,72941,2024-02-25,Ж
814,Краснодар,Строитель,57,33,Среднее,101197,2024-05-20,Ж
815,Краснодар,Строитель,40,18,Высшее,54700,2024-05-18,Ж
816,Краснодар,Инженер,50,15,Среднее,94572,2024-02-09,М
817,Краснодар,Продавец,58,31,Среднее,54574,2024-03-10,М
818,Краснодар,IT-специалист,34,8,Среднее,65875,2024-09-28,Ж
819,Краснодар,Менеджер,61,33,Высшее,119724,2024-01-23,Ж
820,Краснодар,Водитель,54,9,Высшее,75862,2024-11-26,Ж
821,Краснодар,Продавец,64,40,Среднее,70996,2024-07-23,Ж
822,Краснодар,Водитель,40,0,Среднее специальное,66089,2024-06-18,Ж
823,Краснодар,Менеджер,27,5,Среднее специальное,73824,2024-04-25,М
824,Краснодар,Водитель,34,12,Высшее,63591,2024-06-14,Ж
825,Краснодар,Юрист,46,20,Среднее специальное,90405,2024-07-27,Ж
826,Краснодар,Водитель,35,13,Высшее,57353,2024-03-12,М
827,Краснодар,Врач,39,17,Среднее специальное,106043,2024-06-17,М
828,Краснодар,Юрист,41,19,Среднее специальное,113518,2024-02-24,М
829,Краснодар,Врач,55,32,Высшее,108065,2024-12-06,М
830,Краснодар,IT-специалист,59,9,Среднее,77698,2024-12-18,Ж
831,Краснодар,Врач,22,0,Среднее специальное,61764,2024-07-07,Ж
832,Краснодар,Водитель,42,0,Высшее,70518,2024-07-05,М
833,Краснодар,IT-специалист,55,15,Магистратура,78972,2024-09-04,Ж
834,Краснодар,Водитель,36,14,Высшее,53363,2024-08-15,Ж
835,Краснодар,Учитель,37,15,Магистратура,60461,2024-11-03,Ж
836,Краснодар,Учитель,64,15,Среднее,43546,2024-08-10,М
837,Краснодар,IT-специалист,39,17,Среднее специальное,75425,2024-09-15,Ж
838,Краснодар,Инженер,23,1,Среднее,59161,2024-10-30,Ж
839,Краснодар,Врач,49,26,Высшее,102583,2024-04-17,Ж
840,Краснодар,Бухгалтер,52,29,Среднее,91599,2024-04-30,Ж
841,Краснодар,Бухгалтер,46,16,Магистратура,67734,2024-08-02,М
842,Краснодар,Инженер,26,4,Магистратура,58920,2024-03-24,Ж
843,Краснодар,Врач,37,15,Среднее,76940,2024-03-20,М
844,Краснодар,Учитель,34,12,Среднее,59321,2024-10-16,М
845,Краснодар,Бухгалтер,42,20,Высшее,69701,2024-11-01,М
846,Краснодар,Продавец,53,24,Среднее специальное,40001,2024-01-24,М
847,Краснодар,Инженер,37,5,Высшее,53654,2024-10-16,М
848,Краснодар,IT-специалист,48,26,Магистратура,95360,2024-11-20,М
849,Краснодар,Строитель,32,0,Магистратура,47330,2024-07-24,Ж
850,Краснодар,Юрист,30,8,Среднее,109455,2024-10-01,Ж
851,Краснодар,Менеджер,29,7,Среднее,103831,2024-06-16,Ж
852,Краснодар,IT-специалист,64,6,Высшее,84403,2024-12-17,Ж
853,Краснодар,Менеджер,60,26,Высшее,112057,2024-12-09,М
854,Краснодар,Менеджер,26,4,Среднее специальное,63188,2024-04-01,Ж
855,Краснодар,IT-специалист,45,14,Среднее специальное,85157,2024-06-02,Ж
856,Краснодар,Продавец,23,1,Высшее,31253,2024-07-03,Ж
857,Краснодар,Продавец,24,2,Высшее,45634,2024-03-26,Ж
858,Краснодар,Инженер,31,4,Высшее,55029,2024-08-22,Ж
859,Краснодар,Строитель,59,36,Среднее,94060,2024-03-05,Ж
860,Краснодар,Строитель,22,0,Магистратура,48258,2024-05-22,Ж
861,Краснодар,Бухгалтер,48,4,Среднее,56076,2024-05-02,М
862,Краснодар,Менеджер,30,8,Магистратура,72784,2024-06-04,М
863,Краснодар,Бухгалтер,64,36,Магистратура,83155,2024-03-13,Ж
864,Краснодар,Врач,22,0,Магистратура,50829,2024-01-11,Ж
865,Краснодар,IT-специалист,39,17,Среднее,92591,2024-07-09,Ж
866,Краснодар,Юрист,42,20,Среднее,121611,2024-09-03,Ж
867,Краснодар,Бухгалтер,26,4,Среднее специальное,62119,2024-10-19,Ж
868,Краснодар,Врач,38,16,Высшее,78128,2024-04-18,М
869,Краснодар,Бухгалтер,23,1,Среднее,51166,2024-06-09,Ж
870,Краснодар,Учитель,60,21,Магистратура,77519,2024-05-14,М
871,Краснодар,Менеджер,49,3,Магистратура,100620,2024-08-13,М
872,Краснодар,Менеджер,28,6,Среднее,71418,2024-08-10,Ж
873,Краснодар,Инженер,39,13,Высшее,68023,2024-03-17,Ж
874,Краснодар,Врач,59,18,Высшее,92770,2024-12-13,М
875,Краснодар,Инженер,37,15,Высшее,86369,2024-08-08,Ж
876,Краснодар,IT-специалист,24,2,Среднее специальное,68433,2024-10-01,М
877,Краснодар,IT-специалист,41,19,Среднее специальное,93356,2024-09-27,М
878,Краснодар,IT-специалист,38,14,Высшее,102779,2024-09-24,Ж
879,Краснодар,Продавец,38,11,Среднее специальное,62222,2024-11-19,Ж
880,Краснодар,Бухгалтер,22,0,Среднее специальное,48991,2024-03-21,Ж
881,Краснодар,Строитель,40,18,Высшее,64222,2024-01-20,М
882,Краснодар,Учитель,29,7,Среднее специальное,41985,2024-04-19,М
883,Краснодар,IT-специалист,53,22,Магистратура,118102,2024-11-08,М
884,Краснодар,Продавец,51,18,Среднее специальное,63505,2024-10-10,М
885,Краснодар,Врач,54,32,Высшее,122770,2024-08-24,Ж
886,Краснодар,Менеджер,41,19,Магистратура,111059,2024-04-20,М
887,Краснодар,Учитель,55,21,Среднее,70613,2024-07-13,Ж
888,Краснодар,Инженер,28,6,Среднее,77933,2024-08-20,Ж
889,Краснодар,IT-специалист,47,4,Высшее,92358,2024-08-24,М
890,Краснодар,Водитель,22,0,Среднее специальное,48716,2024-09-21,М
891,Краснодар,Учитель,26,4,Магистратура,44496,2024-01-09,М
892,Краснодар,Менеджер,34,12,Среднее специальное,102196,2024-01-30,Ж
893,Краснодар,Строитель,61,19,Среднее специальное,70831,2024-10-03,М
894,Краснодар,Продавец,62,13,Высшее,36327,2024-06-26,Ж
895,Краснодар,Строитель,33,11,Высшее,50818,2024-02-27,М
896,Краснодар,IT-специалист,25,3,Среднее специальное,67900,2024-01-08,М
897,Краснодар,Инженер,52,30,Среднее специальное,92251,2024-11-13,Ж
898,Краснодар,Юрист,43,10,Магистратура,99703,2024-03-04,Ж
899,Краснодар,Продавец,50,5,Высшее,58277,2024-02-08,М
900,Краснодар,Менеджер,36,14,Высшее,100509,2024-01-05,Ж
901,Краснодар,IT-специалист,36,14,Магистратура,110700,2024-02-11,Ж
902,Краснодар,Менеджер,24,0,Среднее,70095,2024-02-04,Ж
903,Краснодар,Продавец,54,21,Высшее,43553,2024-05-19,М
904,Краснодар,Юрист,62,30,Высшее,131596,2024-05-28,М
905,Краснодар,Водитель,26,4,Среднее специальное,56716,2024-11-11,М
906,Краснодар,Инженер,58,34,Среднее специальное,103886,2024-12-14,Ж
907,Краснодар,Учитель,41,2,Магистратура,60207,2024-10-12,Ж
908,Краснодар,Врач,59,21,Среднее,92940,2024-04-18,М
909,Краснодар,Строитель,39,0,Среднее,63449,2024-04-29,Ж
910,Краснодар,Менеджер,62,10,Среднее,104941,2024-01-16,Ж
911,Краснодар,Юрист,51,11,Среднее специальное,101715,2024-01-24,Ж
912,Краснодар,Учитель,41,19,Высшее,48597,2024-01-08,М
913,Краснодар,IT-специалист,27,5,Среднее,89461,2024-08-02,М
914,Краснодар,Инженер,40,18,Среднее специальное,65649,2024-09-06,Ж
915,Краснодар,Строитель,48,11,Среднее,64057,2024-03-11,М
916,Краснодар,Менеджер,49,27,Среднее специальное,101438,2024-11-17,М
917,Краснодар,Юрист,47,17,Высшее,108450,2024-08-15,Ж
918,Краснодар,Юрист,45,23,Магистратура,114746,2024-02-10,Ж
919,Краснодар,Юрист,42,20,Магистратура,109420,2024-05-08,М
920,Краснодар,Юрист,26,4,Среднее,69763,2024-08-03,Ж
921,Краснодар,Врач,23,1,Высшее,67056,2024-06-18,М
922,Краснодар,Строитель,61,23,Магистратура,76546,2024-04-04,М
923,Краснодар,Строитель,56,2,Магистратура,46305,2024-08-10,М
924,Краснодар,Учитель,36,2,Среднее,55250,2024-06-18,Ж
925,Краснодар,Менеджер,64,25,Среднее,95672,2024-12-12,Ж
926,Краснодар,Инженер,54,32,Среднее,99496,2024-12-27,Ж
927,Краснодар,Водитель,36,14,Магистратура,70371,2024-10-22,Ж
928,Краснодар,Юрист,56,34,Магистратура,127797,2024-06-01,М
929,Краснодар,Строитель,56,25,Среднее специальное,86279,2024-09-10,М
930,Краснодар,IT-специалист,22,0,Магистратура,57794,2024-10-15,Ж
931,Краснодар,Строитель,25,3,Среднее специальное,68382,2024-01-05,М
932,Краснодар,Продавец,34,12,Среднее специальное,62407,2024-11-24,Ж
933,Краснодар,Продавец,47,3,Среднее,40123,2024-01-13,Ж
934,Краснодар,Бухгалтер,25,3,Магистратура,65699,2024-05-06,М
935,Краснодар,IT-специалист,24,2,Высшее,64534,2024-11-16,Ж
936,Краснодар,Врач,50,17,Среднее специальное,90766,2024-04-17,М
937,Краснодар,Учитель,55,33,Среднее,74019,2024-01-11,М
938,Краснодар,Строитель,36,8,Среднее специальное,48758,2024-01-01,М
939,Краснодар,Бухгалтер,47,25,Среднее специальное,79951,2024-04-19,М
940,Краснодар,IT-специалист,36,14,Среднее,108304,2024-01-23,Ж
941,Краснодар,Менеджер,45,17,Среднее специальное,99303,2024-06-14,М
942,Краснодар,Учитель,30,8,Высшее,52748,2024-05-19,М
943,Краснодар,Менеджер,60,29,Среднее,113601,2024-10-26,Ж
944,Краснодар,Строитель,38,0,Среднее специальное,43235,2024-11-05,Ж
945,Краснодар,Инженер,54,31,Магистратура,111569,2024-04-04,М
946,Краснодар,Строитель,29,2,Магистратура,71946,2024-10-21,М
947,Краснодар,Юрист,22,0,Высшее,77955,2024-07-08,М
948,Краснодар,Менеджер,46,0,Магистратура,88472,2024-12-31,Ж
949,Краснодар,Бухгалтер,37,1,Среднее специальное,45852,2024-12-14,М
950,Краснодар,Учитель,51,6,Среднее специальное,34522,2024-04-21,М
951,Краснодар,Врач,37,15,Высшее,69101,2024-12-21,Ж
952,Краснодар,Менеджер,22,0,Среднее специальное,82034,2024-02-15,Ж
953,Краснодар,Врач,23,1,Среднее специальное,77569,2024-09-24,Ж
954,Краснодар,Продавец,51,3,Высшее,39886,2024-02-19,М
955,Краснодар,Строитель,52,30,Магистратура,93459,2024-02-14,М
956,Краснодар,Бухгалтер,44,10,Среднее специальное,88638,2024-04-02,М
957,Краснодар,Учитель,36,14,Среднее специальное,66972,2024-07-13,М
958,Краснодар,Юрист,34,6,Высшее,69690,2024-06-20,М
959,Краснодар,Бухгалтер,59,36,Высшее,101777,2024-03-26,М
960,Краснодар,IT-специалист,30,2,Высшее,81775,2024-08-10,М
961,Краснодар,Учитель,47,10,Магистратура,55415,2024-05-23,М
962,Краснодар,Продавец,56,3,Магистратура,59951,2024-05-25,М
963,Краснодар,Учитель,35,7,Магистратура,59730,2024-04-26,М
964,Краснодар,Учитель,23,1,Среднее специальное,34247,2024-05-18,Ж
965,Краснодар,Юрист,32,10,Среднее,99197,2024-10-26,М
966,Краснодар,Юрист,63,8,Высшее,95882,2024-05-28,М
967,Краснодар,Продавец,51,29,Магистратура,59718,2024-05-25,Ж
968,Краснодар,Водитель,63,10,Среднее специальное,66020,2024-06-29,Ж
969,Краснодар,Водитель,29,7,Высшее,74235,2024-04-30,Ж
970,Краснодар,Бухгалтер,40,18,Среднее специальное,70477,2024-04-27,Ж
971,Краснодар,Учитель,57,15,Среднее,72313,2024-04-29,М
972,Краснодар,Инженер,58,32,Высшее,92368,2024-07-15,Ж
973,Краснодар,Менеджер,58,23,Среднее,90400,2024-07-01,М
974,Краснодар,IT-специалист,28,6,Высшее,95383,2024-06-26,М
975,Краснодар,Продавец,57,29,Магистратура,73640,2024-12-01,М
976,Краснодар,Продавец,59,23,Среднее специальное,50683,2024-08-29,Ж
977,Краснодар,Врач,26,4,Среднее специальное,58394,2024-05-09,Ж
978,Краснодар,Продавец,52,15,Среднее,55299,2024-04-14,М
979,Краснодар,Врач,61,18,Высшее,78630,2024-11-20,Ж
980,Краснодар,Врач,29,6,Среднее специальное,65178,2024-04-26,Ж
981,Краснодар,Учитель,24,2,Магистратура,47836,2024-08-19,М
982,Краснодар,Менеджер,29,2,Среднее,58722,2024-01-01,М
983,Краснодар,Юрист,33,11,Высшее,96078,2024-10-22,М
984,Краснодар,Продавец,40,18,Среднее специальное,40132,2024-02-03,М
985,Краснодар,Бухгалтер,54,32,Среднее,85599,2024-05-21,М
986,Краснодар,Учитель,42,20,Высшее,57633,2024-06-06,М
987,Краснодар,IT-специалист,42,20,Магистратура,84814,2024-07-31,М
988,Краснодар,Продавец,60,9,Высшее,57227,2024-08-04,М
989,Краснодар,Врач,31,9,Магистратура,84084,2024-02-22,М
990,Краснодар,Водитель,60,37,Высшее,91920,2024-05-17,Ж
991,Краснодар,Инженер,61,23,Среднее специальное,73627,2024-08-19,М
992,Краснодар,Юрист,27,5,Магистратура,85266,2024-10-14,М
993,Краснодар,Учитель,23,1,Высшее,62444,2024-10-25,Ж
994,Краснодар,Инженер,45,20,Среднее,74672,2024-02-05,М
995,Краснодар,Водитель,40,18,Среднее специальное,74197,2024-10-14,Ж
996,Краснодар,Инженер,29,7,Среднее специальное,82728,2024-08-28,М
997,Краснодар,Строитель,52,29,Высшее,87509,2024-01-11,Ж
998,Краснодар,Учитель,65,31,Высшее,58765,2024-03-16,М
999,Краснодар,Инженер,64,0,Среднее специальное,51833,2024-07-22,Ж
1000,Краснодар,Водитель,50,27,Среднее,64405,2024-12-02,Ж
